-- phpMyAdmin SQL Dump
-- version 5.2.0
-- https://www.phpmyadmin.net/
--
-- Host: 127.0.0.1
-- Generation Time: Sep 17, 2022 at 11:35 AM
-- Server version: 10.4.24-MariaDB
-- PHP Version: 7.4.29

SET SQL_MODE = "NO_AUTO_VALUE_ON_ZERO";
START TRANSACTION;
SET time_zone = "+00:00";


/*!40101 SET @OLD_CHARACTER_SET_CLIENT=@@CHARACTER_SET_CLIENT */;
/*!40101 SET @OLD_CHARACTER_SET_RESULTS=@@CHARACTER_SET_RESULTS */;
/*!40101 SET @OLD_COLLATION_CONNECTION=@@COLLATION_CONNECTION */;
/*!40101 SET NAMES utf8mb4 */;

--
-- Database: `restaurant_management_system`
--

-- --------------------------------------------------------

--
-- Table structure for table `administrativecosts`
--

CREATE TABLE `administrativecosts` (
  `id` bigint(20) UNSIGNED NOT NULL,
  `date` varchar(191) COLLATE utf8mb4_unicode_ci NOT NULL,
  `name` varchar(191) COLLATE utf8mb4_unicode_ci NOT NULL,
  `amount` varchar(191) COLLATE utf8mb4_unicode_ci NOT NULL,
  `created_at` timestamp NULL DEFAULT NULL,
  `updated_at` timestamp NULL DEFAULT NULL
) ENGINE=InnoDB DEFAULT CHARSET=utf8mb4 COLLATE=utf8mb4_unicode_ci;

--
-- Dumping data for table `administrativecosts`
--

INSERT INTO `administrativecosts` (`id`, `date`, `name`, `amount`, `created_at`, `updated_at`) VALUES
(1, '2022-09-14', 'test', '1000', '2022-09-15 05:28:30', '2022-09-15 05:32:22');

-- --------------------------------------------------------

--
-- Table structure for table `dailyproductexpenses`
--

CREATE TABLE `dailyproductexpenses` (
  `id` bigint(20) UNSIGNED NOT NULL,
  `expense_date` varchar(191) COLLATE utf8mb4_unicode_ci NOT NULL,
  `product_name` varchar(191) COLLATE utf8mb4_unicode_ci DEFAULT NULL,
  `product_id` varchar(191) COLLATE utf8mb4_unicode_ci DEFAULT NULL,
  `quantity` varchar(191) COLLATE utf8mb4_unicode_ci NOT NULL,
  `unit_title` varchar(191) COLLATE utf8mb4_unicode_ci NOT NULL,
  `created_at` timestamp NULL DEFAULT NULL,
  `updated_at` timestamp NULL DEFAULT NULL
) ENGINE=InnoDB DEFAULT CHARSET=utf8mb4 COLLATE=utf8mb4_unicode_ci;

--
-- Dumping data for table `dailyproductexpenses`
--

INSERT INTO `dailyproductexpenses` (`id`, `expense_date`, `product_name`, `product_id`, `quantity`, `unit_title`, `created_at`, `updated_at`) VALUES
(1, '2022-09-13', 'Oil', NULL, '1', 'liter', '2022-09-12 04:17:52', '2022-09-12 04:17:52'),
(2, '2022-09-06', 'Alu', NULL, '1', 'kg', '2022-09-12 04:20:02', '2022-09-12 04:20:02'),
(3, '2022-09-12', 'Oil', NULL, '500', 'ml', '2022-09-12 04:49:02', '2022-09-12 04:49:02'),
(4, '2022-09-12', 'Oil', NULL, '500', 'ml', '2022-09-12 04:49:21', '2022-09-12 04:49:21'),
(5, '2022-09-12', 'Oil', NULL, '500', 'ml', '2022-09-12 04:49:56', '2022-09-12 04:49:56'),
(6, '2022-09-12', 'Oil', NULL, '500', 'ml', '2022-09-12 04:50:00', '2022-09-12 04:50:00'),
(7, '2022-09-12', 'Oil', NULL, '500', 'ml', '2022-09-12 04:50:30', '2022-09-12 04:50:30'),
(8, '2022-09-13', 'Oil', NULL, '1', 'liter', '2022-09-12 04:51:28', '2022-09-12 04:51:28'),
(9, '2022-09-13', 'Egg', NULL, '2', 'piece', '2022-09-12 05:02:38', '2022-09-12 05:02:38'),
(10, '2022-09-13', 'Oil', NULL, '1.5', 'liter', '2022-09-12 05:11:14', '2022-09-12 05:11:14'),
(11, '2022-09-13', 'Oil', NULL, '3', 'liter', '2022-09-12 05:17:50', '2022-09-12 05:17:50'),
(12, '2022-09-06', 'Oil', NULL, '1.5', 'liter', '2022-09-12 05:21:41', '2022-09-12 05:21:41');

-- --------------------------------------------------------

--
-- Table structure for table `expensedetails`
--

CREATE TABLE `expensedetails` (
  `id` bigint(20) UNSIGNED NOT NULL,
  `quantity` varchar(191) COLLATE utf8mb4_unicode_ci NOT NULL,
  `unit_title` varchar(191) COLLATE utf8mb4_unicode_ci DEFAULT NULL,
  `expense_id` varchar(191) COLLATE utf8mb4_unicode_ci DEFAULT NULL,
  `product_id` varchar(191) COLLATE utf8mb4_unicode_ci DEFAULT NULL,
  `unit_price` varchar(191) COLLATE utf8mb4_unicode_ci NOT NULL,
  `unit` varchar(191) COLLATE utf8mb4_unicode_ci NOT NULL,
  `total_quantity` varchar(191) COLLATE utf8mb4_unicode_ci NOT NULL,
  `price` varchar(191) COLLATE utf8mb4_unicode_ci NOT NULL,
  `created_at` timestamp NULL DEFAULT NULL,
  `updated_at` timestamp NULL DEFAULT NULL
) ENGINE=InnoDB DEFAULT CHARSET=utf8mb4 COLLATE=utf8mb4_unicode_ci;

--
-- Dumping data for table `expensedetails`
--

INSERT INTO `expensedetails` (`id`, `quantity`, `unit_title`, `expense_id`, `product_id`, `unit_price`, `unit`, `total_quantity`, `price`, `created_at`, `updated_at`) VALUES
(1, '5', 'liter', '000002', '1', '940', '1', '5', '940', '2022-09-12 02:48:26', '2022-09-12 02:48:26'),
(2, '10', 'kg', '000002', '2', '20', '10', '10', '200', '2022-09-12 02:48:26', '2022-09-12 02:48:26'),
(3, '12', 'piece', '000002', '3', '10', '10', '120', '100', '2022-09-12 02:48:26', '2022-09-12 02:48:26'),
(4, '500', 'ml', '000002', '4', '100', '1', '0.5', '100', '2022-09-12 02:48:26', '2022-09-12 02:48:26'),
(5, '10', 'kg', '000001', '3', '10', '10', '10', '100', '2022-09-14 04:31:41', '2022-09-14 04:31:41'),
(6, '1', 'liter', '000001', '1', '10', '10', '10', '100', '2022-09-14 04:31:41', '2022-09-14 04:31:41'),
(7, '10', 'piece', '000002', '3', '10', '10', '10', '100', '2022-09-14 05:01:50', '2022-09-14 05:01:50'),
(8, '5', 'liter', '000002', '1', '100', '5', '5', '500', '2022-09-14 05:01:50', '2022-09-14 05:01:50'),
(9, '10', 'liter', '000002', '4', '50', '10', '10', '500', '2022-09-14 05:01:50', '2022-09-14 05:01:50'),
(10, '10', 'piece', '000003', '3', '10', '10', '10', '100', '2022-09-14 05:42:26', '2022-09-14 05:42:26'),
(11, '1', 'kg', '000003', '5', '20', '1', '1', '20', '2022-09-14 05:42:26', '2022-09-14 05:42:26'),
(12, '10', 'kg', '000003', '6', '50', '10', '10', '500', '2022-09-14 05:42:26', '2022-09-14 05:42:26');

-- --------------------------------------------------------

--
-- Table structure for table `expenses`
--

CREATE TABLE `expenses` (
  `id` bigint(20) UNSIGNED NOT NULL,
  `invoice_number` varchar(191) COLLATE utf8mb4_unicode_ci DEFAULT NULL,
  `invoice_date` varchar(191) COLLATE utf8mb4_unicode_ci NOT NULL,
  `supplier_id` varchar(191) COLLATE utf8mb4_unicode_ci DEFAULT NULL,
  `total_amount` varchar(191) COLLATE utf8mb4_unicode_ci NOT NULL,
  `paid_amount` varchar(191) COLLATE utf8mb4_unicode_ci NOT NULL,
  `due_amount` varchar(191) COLLATE utf8mb4_unicode_ci NOT NULL,
  `advanced_amount` varchar(191) COLLATE utf8mb4_unicode_ci DEFAULT NULL,
  `created_at` timestamp NULL DEFAULT NULL,
  `updated_at` timestamp NULL DEFAULT NULL
) ENGINE=InnoDB DEFAULT CHARSET=utf8mb4 COLLATE=utf8mb4_unicode_ci;

--
-- Dumping data for table `expenses`
--

INSERT INTO `expenses` (`id`, `invoice_number`, `invoice_date`, `supplier_id`, `total_amount`, `paid_amount`, `due_amount`, `advanced_amount`, `created_at`, `updated_at`) VALUES
(1, '000001', '2022-09-14', '1', '200', '200', '0', NULL, '2022-09-14 04:31:41', '2022-09-14 04:31:41'),
(2, '000002', '2022-09-06', '1', '1100', '1100', '0', NULL, '2022-09-14 05:01:50', '2022-09-14 05:01:50'),
(3, '000003', '2022-09-14', '3', '620', '620', '0', NULL, '2022-09-14 05:42:26', '2022-09-14 05:42:26');

-- --------------------------------------------------------

--
-- Table structure for table `failed_jobs`
--

CREATE TABLE `failed_jobs` (
  `id` bigint(20) UNSIGNED NOT NULL,
  `uuid` varchar(191) COLLATE utf8mb4_unicode_ci NOT NULL,
  `connection` text COLLATE utf8mb4_unicode_ci NOT NULL,
  `queue` text COLLATE utf8mb4_unicode_ci NOT NULL,
  `payload` longtext COLLATE utf8mb4_unicode_ci NOT NULL,
  `exception` longtext COLLATE utf8mb4_unicode_ci NOT NULL,
  `failed_at` timestamp NOT NULL DEFAULT current_timestamp()
) ENGINE=InnoDB DEFAULT CHARSET=utf8mb4 COLLATE=utf8mb4_unicode_ci;

-- --------------------------------------------------------

--
-- Table structure for table `menuitems`
--

CREATE TABLE `menuitems` (
  `id` bigint(20) UNSIGNED NOT NULL,
  `item_name` varchar(191) COLLATE utf8mb4_unicode_ci NOT NULL,
  `price` varchar(191) COLLATE utf8mb4_unicode_ci NOT NULL,
  `discount_percentage` varchar(191) COLLATE utf8mb4_unicode_ci DEFAULT NULL,
  `discount_price` varchar(191) COLLATE utf8mb4_unicode_ci DEFAULT NULL,
  `created_at` timestamp NULL DEFAULT NULL,
  `updated_at` timestamp NULL DEFAULT NULL
) ENGINE=InnoDB DEFAULT CHARSET=utf8mb4 COLLATE=utf8mb4_unicode_ci;

--
-- Dumping data for table `menuitems`
--

INSERT INTO `menuitems` (`id`, `item_name`, `price`, `discount_percentage`, `discount_price`, `created_at`, `updated_at`) VALUES
(2, 'Gril', '75', NULL, NULL, '2022-09-12 23:41:51', '2022-09-12 23:41:51'),
(3, 'Hardee\'s Original Thickburger', '250', NULL, NULL, '2022-09-12 23:42:38', '2022-09-12 23:42:38'),
(4, 'KFC Extra Crispy Chicken', '120', NULL, NULL, '2022-09-12 23:42:59', '2022-09-12 23:42:59'),
(5, 'Burger King Chicken Fries', '99', NULL, NULL, '2022-09-12 23:43:22', '2022-09-12 23:43:22'),
(6, 'Dunkin\' Munchkins', '145', NULL, NULL, '2022-09-12 23:43:37', '2022-09-12 23:43:37'),
(7, 'The Food Depot', '125', NULL, NULL, '2022-09-16 23:31:05', '2022-09-16 23:31:05'),
(8, 'The Chef’s Wife', '236', NULL, NULL, '2022-09-16 23:31:18', '2022-09-16 23:31:18'),
(9, 'The Flavor of Home', '99', NULL, NULL, '2022-09-16 23:31:30', '2022-09-16 23:31:30'),
(10, 'Pit Stop Cafe', '80', NULL, NULL, '2022-09-16 23:31:42', '2022-09-16 23:31:42'),
(11, 'The Snack Hack', '50', NULL, NULL, '2022-09-16 23:31:55', '2022-09-16 23:31:55'),
(12, 'The Food Canteen', '99', NULL, NULL, '2022-09-16 23:32:07', '2022-09-16 23:32:07'),
(13, 'Snack In Seconds', '60', NULL, NULL, '2022-09-16 23:32:19', '2022-09-16 23:32:19'),
(14, 'The Urban Eatery', '25', NULL, NULL, '2022-09-16 23:32:32', '2022-09-16 23:32:32'),
(15, 'Tasty Temptations', '225', NULL, NULL, '2022-09-16 23:32:45', '2022-09-16 23:32:45'),
(16, 'Bella Buena', '96', NULL, NULL, '2022-09-16 23:32:55', '2022-09-16 23:32:55'),
(17, 'The Food Dude', '99', NULL, NULL, '2022-09-16 23:33:05', '2022-09-16 23:33:05'),
(18, 'Tasty Shack', '80', NULL, NULL, '2022-09-16 23:33:16', '2022-09-16 23:33:16'),
(19, 'Food For the Soul', '150', NULL, NULL, '2022-09-16 23:33:27', '2022-09-16 23:33:27'),
(20, 'The Spicy Oak', '120', NULL, NULL, '2022-09-16 23:33:39', '2022-09-16 23:33:39'),
(21, 'Food Revolution', '55', NULL, NULL, '2022-09-16 23:33:53', '2022-09-16 23:33:53'),
(22, 'Union Kitchenette', '96', NULL, NULL, '2022-09-16 23:34:04', '2022-09-16 23:34:04'),
(23, 'Food Delights', '50', NULL, NULL, '2022-09-16 23:34:16', '2022-09-16 23:34:16'),
(24, 'Texas Steak House', '250', NULL, NULL, '2022-09-16 23:34:30', '2022-09-16 23:34:30'),
(25, 'The Local House', '360', NULL, NULL, '2022-09-16 23:34:41', '2022-09-16 23:34:41'),
(26, 'Food Fiesta', '80', NULL, NULL, '2022-09-16 23:34:52', '2022-09-16 23:34:52');

-- --------------------------------------------------------

--
-- Table structure for table `migrations`
--

CREATE TABLE `migrations` (
  `id` int(10) UNSIGNED NOT NULL,
  `migration` varchar(191) COLLATE utf8mb4_unicode_ci NOT NULL,
  `batch` int(11) NOT NULL
) ENGINE=InnoDB DEFAULT CHARSET=utf8mb4 COLLATE=utf8mb4_unicode_ci;

--
-- Dumping data for table `migrations`
--

INSERT INTO `migrations` (`id`, `migration`, `batch`) VALUES
(46, '2014_10_12_000000_create_users_table', 1),
(47, '2014_10_12_100000_create_password_resets_table', 1),
(48, '2019_08_19_000000_create_failed_jobs_table', 1),
(49, '2019_12_14_000001_create_personal_access_tokens_table', 1),
(50, '2022_08_31_120200_create_suppliers_table', 1),
(51, '2022_09_01_090240_create_expenses_table', 1),
(52, '2022_09_01_092053_create_stockproductlists_table', 1),
(53, '2022_09_03_100409_create_expensedetails_table', 1),
(54, '2022_09_06_055917_create_supplierdues_table', 2),
(55, '2022_09_06_115709_create_dailyproductexpenses_table', 3),
(56, '2022_09_07_084910_create_productlimits_table', 4),
(57, '2022_09_12_115539_create_menuitems_table', 5),
(58, '2022_09_13_045505_create_orders_table', 6),
(59, '2022_09_13_045605_create_orderdetails_table', 6),
(60, '2022_09_15_110117_create_administrativecosts_table', 7);

-- --------------------------------------------------------

--
-- Table structure for table `orderdetails`
--

CREATE TABLE `orderdetails` (
  `id` bigint(20) UNSIGNED NOT NULL,
  `invoice_id` varchar(191) COLLATE utf8mb4_unicode_ci NOT NULL,
  `item_id` varchar(191) COLLATE utf8mb4_unicode_ci NOT NULL,
  `item_quantity` varchar(191) COLLATE utf8mb4_unicode_ci NOT NULL,
  `unit_price` varchar(191) COLLATE utf8mb4_unicode_ci NOT NULL,
  `price` varchar(191) COLLATE utf8mb4_unicode_ci NOT NULL,
  `created_at` timestamp NULL DEFAULT NULL,
  `updated_at` timestamp NULL DEFAULT NULL
) ENGINE=InnoDB DEFAULT CHARSET=utf8mb4 COLLATE=utf8mb4_unicode_ci;

--
-- Dumping data for table `orderdetails`
--

INSERT INTO `orderdetails` (`id`, `invoice_id`, `item_id`, `item_quantity`, `unit_price`, `price`, `created_at`, `updated_at`) VALUES
(1, '000001', '4', '2', '120', '240', '2022-09-13 05:28:23', '2022-09-13 05:28:23'),
(2, '000001', '5', '1', '99', '99', '2022-09-13 05:28:23', '2022-09-13 05:28:23'),
(16, '000002', '3', '10', '250', '2500', '2022-09-13 05:33:32', '2022-09-13 05:33:32'),
(17, '000002', '4', '10', '120', '1200', '2022-09-13 05:33:32', '2022-09-13 05:33:32'),
(18, '000003', '3', '2', '250', '500', '2022-09-14 02:21:43', '2022-09-14 02:21:43'),
(19, '000004', '3', '10', '250', '2500', '2022-09-14 08:24:28', '2022-09-14 08:24:28'),
(20, '000005', '3', '10', '250', '2500', '2022-09-15 06:48:52', '2022-09-15 06:48:52'),
(21, '000005', '5', '1', '99', '99', '2022-09-15 06:48:52', '2022-09-15 06:48:52'),
(22, '000006', '2', '10', '75', '75', '2022-09-15 06:49:34', '2022-09-15 06:49:34'),
(23, '000007', '3', '10', '250', '2500', '2022-09-15 06:50:31', '2022-09-15 06:50:31'),
(24, '000007', '5', '10', '99', '990', '2022-09-15 06:50:31', '2022-09-15 06:50:31'),
(25, '000008', '5', '10', '99', '990', '2022-09-15 06:51:22', '2022-09-15 06:51:22'),
(26, '000008', '2', '10', '75', '750', '2022-09-15 06:51:22', '2022-09-15 06:51:22'),
(27, '000009', '3', '10', '250', '2500', '2022-09-15 06:59:28', '2022-09-15 06:59:28'),
(28, '000010', '3', '10', '250', '2500', '2022-09-15 07:01:03', '2022-09-15 07:01:03'),
(29, '000011', '3', '10', '250', '2500', '2022-09-15 07:01:59', '2022-09-15 07:01:59'),
(30, '000012', '3', '10', '250', '2500', '2022-09-15 07:04:33', '2022-09-15 07:04:33'),
(31, '000013', '3', '010', '250', '100', '2022-09-15 07:07:00', '2022-09-15 07:07:00'),
(32, '000014', '3', '010', '250', '100', '2022-09-15 07:11:48', '2022-09-15 07:11:48'),
(33, '000015', '3', '010', '250', '100', '2022-09-15 07:15:17', '2022-09-15 07:15:17'),
(34, '000016', '3', '10', '250', '2500', '2022-09-15 07:18:19', '2022-09-15 07:18:19'),
(35, '000017', '3', '10', '250', '2500', '2022-09-15 07:24:24', '2022-09-15 07:24:24'),
(36, '000018', '3', '10', '250', '2500', '2022-09-15 07:25:34', '2022-09-15 07:25:34'),
(37, '000019', '3', '10', '250', '2500', '2022-09-15 07:28:54', '2022-09-15 07:28:54'),
(38, '000020', '4', '2', '120', '4', '2022-09-15 07:29:43', '2022-09-15 07:29:43'),
(39, '000021', '3', '10', '250', '100', '2022-09-15 07:31:36', '2022-09-15 07:31:36'),
(40, '000021', '3', '10', '250', '100', '2022-09-15 07:31:58', '2022-09-15 07:31:58'),
(41, '000021', '2', '10', '75', '750', '2022-09-15 07:31:58', '2022-09-15 07:31:58'),
(42, '000022', '3', '2', '250', '500', '2022-09-15 07:33:47', '2022-09-15 07:33:47'),
(43, '000023', '3', '1', '250', '250', '2022-09-15 07:40:46', '2022-09-15 07:40:46'),
(44, '000024', '3', '1', '250', '250', '2022-09-15 07:43:31', '2022-09-15 07:43:31'),
(45, '000025', '3', '1', '250', '250', '2022-09-15 07:45:36', '2022-09-15 07:45:36'),
(46, '000026', '3', '1', '250', '250', '2022-09-15 07:47:23', '2022-09-15 07:47:23'),
(47, '000027', '3', '1', '250', '250', '2022-09-15 07:48:27', '2022-09-15 07:48:27'),
(48, '000028', '3', '1', '250', '250', '2022-09-15 07:49:18', '2022-09-15 07:49:18'),
(49, '000029', '3', '1', '250', '250', '2022-09-15 07:51:06', '2022-09-15 07:51:06'),
(50, '000030', '3', '1', '250', '250', '2022-09-15 08:00:32', '2022-09-15 08:00:32'),
(51, '000031', '2', '1', '75', '75', '2022-09-15 08:06:02', '2022-09-15 08:06:02'),
(52, '000032', '4', '1', '120', '120', '2022-09-15 08:06:58', '2022-09-15 08:06:58'),
(53, '000033', '4', '1', '120', '120', '2022-09-15 08:07:56', '2022-09-15 08:07:56'),
(54, '000034', '3', '10', '250', '2500', '2022-09-15 08:08:45', '2022-09-15 08:08:45'),
(55, '000035', '5', '10', '99', '990', '2022-09-15 08:09:39', '2022-09-15 08:09:39'),
(56, '000036', '3', '10', '250', '2500', '2022-09-15 08:10:20', '2022-09-15 08:10:20'),
(57, '000037', '3', '10', '250', '2500', '2022-09-15 08:13:24', '2022-09-15 08:13:24'),
(58, '000038', '3', '10', '250', '2500', '2022-09-15 08:15:30', '2022-09-15 08:15:30'),
(59, '000039', '4', '10', '120', '1200', '2022-09-15 10:06:24', '2022-09-15 10:06:24'),
(60, '000040', '3', '10', '250', '2500', '2022-09-15 10:13:15', '2022-09-15 10:13:15'),
(61, '000041', '3', '10', '250', '2500', '2022-09-15 10:14:34', '2022-09-15 10:14:34'),
(62, '000042', '3', '10', '250', '2500', '2022-09-15 10:15:16', '2022-09-15 10:15:16'),
(63, '000043', '3', '10', '250', '2500', '2022-09-15 10:16:28', '2022-09-15 10:16:28'),
(64, '000044', '3', '10', '250', '2500', '2022-09-15 10:17:23', '2022-09-15 10:17:23'),
(65, '000045', '3', '10', '250', '2500', '2022-09-15 10:19:11', '2022-09-15 10:19:11'),
(66, '000046', '3', '10', '250', '2500', '2022-09-15 10:21:44', '2022-09-15 10:21:44'),
(67, '000047', '3', '10', '250', '2500', '2022-09-15 10:22:12', '2022-09-15 10:22:12'),
(68, '000048', '3', '10', '250', '2500', '2022-09-15 10:28:02', '2022-09-15 10:28:02'),
(69, '000049', '3', '10', '250', '2500', '2022-09-15 10:33:53', '2022-09-15 10:33:53'),
(70, '000050', '3', '10', '250', '2500', '2022-09-15 10:35:30', '2022-09-15 10:35:30'),
(71, '000051', '3', '10', '250', '2500', '2022-09-15 10:35:55', '2022-09-15 10:35:55'),
(72, '000052', '3', '10', '250', '2500', '2022-09-15 10:36:27', '2022-09-15 10:36:27'),
(73, '000053', '3', '10', '250', '2500', '2022-09-15 10:39:46', '2022-09-15 10:39:46'),
(74, '000054', '3', '10', '250', '2500', '2022-09-15 10:40:12', '2022-09-15 10:40:12'),
(75, '000055', '3', '10', '250', '2500', '2022-09-15 10:40:42', '2022-09-15 10:40:42'),
(76, '000056', '3', '10', '250', '2500', '2022-09-15 10:41:11', '2022-09-15 10:41:11'),
(77, '000057', '3', '10', '250', '2500', '2022-09-15 10:45:18', '2022-09-15 10:45:18'),
(78, '000058', '3', '10', '250', '2500', '2022-09-15 10:46:04', '2022-09-15 10:46:04'),
(79, '000059', '3', '10', '250', '2500', '2022-09-15 10:46:58', '2022-09-15 10:46:58'),
(80, '000060', '3', '10', '250', '2500', '2022-09-15 10:47:39', '2022-09-15 10:47:39'),
(81, '000061', '3', '10', '250', '2500', '2022-09-15 10:48:15', '2022-09-15 10:48:15'),
(82, '000062', '3', '10', '250', '2500', '2022-09-15 10:48:44', '2022-09-15 10:48:44'),
(83, '000063', '3', '1', '250', '250', '2022-09-15 10:49:48', '2022-09-15 10:49:48'),
(84, '000064', '3', '1', '250', '250', '2022-09-15 10:50:18', '2022-09-15 10:50:18'),
(85, '000065', '3', '1', '250', '250', '2022-09-15 10:50:45', '2022-09-15 10:50:45'),
(86, '000066', '3', '1', '250', '250', '2022-09-15 10:52:18', '2022-09-15 10:52:18'),
(87, '000067', '3', '1', '250', '250', '2022-09-15 10:55:24', '2022-09-15 10:55:24'),
(88, '000068', '3', '1', '250', '250', '2022-09-15 10:56:02', '2022-09-15 10:56:02'),
(89, '000069', '3', '1', '250', '250', '2022-09-15 10:56:21', '2022-09-15 10:56:21'),
(90, '000070', '3', '10', '250', '2500', '2022-09-15 10:57:43', '2022-09-15 10:57:43'),
(91, '000071', '3', '10', '250', '2500', '2022-09-15 11:38:54', '2022-09-15 11:38:54'),
(92, '000072', '3', '10', '250', '2500', '2022-09-15 11:40:19', '2022-09-15 11:40:19'),
(93, '000073', '3', '10', '250', '2500', '2022-09-17 05:01:34', '2022-09-17 05:01:34'),
(94, '000074', '3', '10', '250', '2500', '2022-09-17 05:01:54', '2022-09-17 05:01:54'),
(95, '000075', '3', '10', '250', '2500', '2022-09-17 05:02:22', '2022-09-17 05:02:22'),
(96, '000076', '3', '10', '250', '2500', '2022-09-17 05:02:38', '2022-09-17 05:02:38'),
(97, '000077', '3', '10', '250', '2500', '2022-09-17 05:03:44', '2022-09-17 05:03:44'),
(98, '000078', '3', '10', '250', '2500', '2022-09-17 05:04:02', '2022-09-17 05:04:02'),
(99, '000079', '3', '10', '250', '2500', '2022-09-17 05:07:39', '2022-09-17 05:07:39'),
(100, '000080', '3', '10', '250', '2500', '2022-09-17 05:08:36', '2022-09-17 05:08:36'),
(101, '000081', '3', '10', '250', '2500', '2022-09-17 05:09:03', '2022-09-17 05:09:03'),
(102, '000082', '3', '10', '250', '2500', '2022-09-17 05:09:24', '2022-09-17 05:09:24'),
(103, '000083', '3', '10', '250', '2500', '2022-09-17 05:09:43', '2022-09-17 05:09:43'),
(104, '000084', '3', '10', '250', '2500', '2022-09-17 05:10:40', '2022-09-17 05:10:40'),
(105, '000085', '3', '10', '250', '2500', '2022-09-17 05:12:10', '2022-09-17 05:12:10'),
(106, '000086', '3', '10', '250', '2500', '2022-09-17 05:12:36', '2022-09-17 05:12:36'),
(107, '000087', '3', '10', '250', '2500', '2022-09-17 05:14:38', '2022-09-17 05:14:38'),
(108, '000088', '3', '10', '250', '2500', '2022-09-17 05:20:23', '2022-09-17 05:20:23'),
(109, '000089', '2', '10', '75', '750', '2022-09-17 05:21:24', '2022-09-17 05:21:24'),
(110, '000090', '3', '10', '250', '2500', '2022-09-17 05:22:25', '2022-09-17 05:22:25'),
(111, '000091', '3', '10', '250', '2500', '2022-09-17 05:23:48', '2022-09-17 05:23:48'),
(112, '000092', '3', '10', '250', '2500', '2022-09-17 05:25:16', '2022-09-17 05:25:16'),
(113, '000093', '3', '10', '250', '2500', '2022-09-17 05:26:19', '2022-09-17 05:26:19'),
(114, '000094', '3', '10', '250', '2500', '2022-09-17 05:27:05', '2022-09-17 05:27:05'),
(115, '000095', '3', '10', '250', '2500', '2022-09-17 05:28:21', '2022-09-17 05:28:21'),
(116, '000096', '3', '10', '250', '2500', '2022-09-17 05:29:05', '2022-09-17 05:29:05'),
(117, '000097', '3', '10', '250', '2500', '2022-09-17 05:30:03', '2022-09-17 05:30:03'),
(118, '000098', '3', '10', '250', '2500', '2022-09-17 07:33:36', '2022-09-17 07:33:36');

-- --------------------------------------------------------

--
-- Table structure for table `orders`
--

CREATE TABLE `orders` (
  `id` bigint(20) UNSIGNED NOT NULL,
  `date` varchar(191) COLLATE utf8mb4_unicode_ci NOT NULL,
  `invoice_number` varchar(191) COLLATE utf8mb4_unicode_ci NOT NULL,
  `table_number` varchar(191) COLLATE utf8mb4_unicode_ci NOT NULL,
  `total_amount` varchar(191) COLLATE utf8mb4_unicode_ci NOT NULL,
  `paid_amount` varchar(191) COLLATE utf8mb4_unicode_ci NOT NULL,
  `discount_amount` varchar(191) COLLATE utf8mb4_unicode_ci DEFAULT '0',
  `created_at` timestamp NULL DEFAULT NULL,
  `updated_at` timestamp NULL DEFAULT NULL
) ENGINE=InnoDB DEFAULT CHARSET=utf8mb4 COLLATE=utf8mb4_unicode_ci;

--
-- Dumping data for table `orders`
--

INSERT INTO `orders` (`id`, `date`, `invoice_number`, `table_number`, `total_amount`, `paid_amount`, `discount_amount`, `created_at`, `updated_at`) VALUES
(1, '2022-08-01', '000001', '1', '339', '100', '239', '2021-08-13 05:28:23', '2022-09-13 05:28:23'),
(2, '2022-09-01', '000002', '1', '3700', '3700', '0', '2022-08-13 05:33:32', '2021-09-13 05:33:32'),
(3, '2022-09-02', '000003', '1', '500', '500', '0', '2022-09-14 02:21:43', '2022-09-14 02:21:43'),
(4, '2022-09-14', '000004', '1', '2500', '2500', '0', '2022-09-14 08:24:28', '2022-09-14 08:24:28'),
(5, '2022-09-15', '000005', '1', '2599', '2599', '0', '2022-08-15 06:48:52', '2022-09-15 06:48:52'),
(6, '2022-09-15', '000006', '10', '75', '75', '0', '2022-09-15 06:49:34', '2021-09-15 06:49:34'),
(7, '2022-09-15', '000007', '1', '3490', '3490', '0', '2021-09-15 06:50:31', '2022-09-15 06:50:31'),
(8, '2022-09-15', '000008', '1', '1740', '1740', '0', '2021-09-15 06:51:22', '2022-09-15 06:51:22'),
(9, '2022-09-15', '000009', '1', '2500', '2500', '0', '2022-09-15 06:59:28', '2022-09-15 06:59:28'),
(10, '2022-09-15', '000010', '1', '2500', '2500', '0', '2022-09-15 07:01:03', '2022-09-15 07:01:03'),
(11, '2022-09-15', '000011', '1', '2500', '2500', '0', '2022-09-15 07:01:59', '2022-09-15 07:01:59'),
(12, '2022-09-15', '000012', '1', '2500', '2500', '0', '2022-09-15 07:04:33', '2022-09-15 07:04:33'),
(13, '2022-09-15', '000013', '10', '100', '100', '0', '2022-09-15 07:07:00', '2022-09-15 07:07:00'),
(14, '2022-09-15', '000014', '10', '100', '100', '0', '2022-09-15 07:11:48', '2022-09-15 07:11:48'),
(15, '2022-09-15', '000015', '10', '100', '100', '0', '2022-09-15 07:15:17', '2022-09-15 07:15:17'),
(16, '2022-09-15', '000016', '1', '2500', '2500', '0', '2022-09-15 07:18:19', '2022-09-15 07:18:19'),
(17, '2022-09-15', '000017', '1', '2500', '2500', '0', '2022-09-15 07:24:24', '2022-09-15 07:24:24'),
(18, '2022-09-15', '000018', '1', '2500', '2500', '0', '2022-09-15 07:25:34', '2022-09-15 07:25:34'),
(19, '2022-09-15', '000019', '1', '2500', '2500', '0', '2022-09-15 07:28:54', '2022-09-15 07:28:54'),
(20, '2022-09-15', '000020', '1', '4', '4', '0', '2022-09-15 07:29:43', '2022-09-15 07:29:43'),
(21, '2022-09-15', '000021', '1', '850', '850', '0', '2022-09-15 07:31:58', '2022-09-15 07:31:58'),
(22, '2022-09-15', '000022', '1', '500', '500', '0', '2022-09-15 07:33:47', '2022-09-15 07:33:47'),
(23, '2022-09-15', '000023', '1', '250', '250', '0', '2022-09-15 07:40:46', '2022-09-15 07:40:46'),
(24, '2022-09-15', '000024', '1', '250', '250', '0', '2022-09-15 07:43:31', '2022-09-15 07:43:31'),
(25, '2022-09-15', '000025', '1', '250', '250', '0', '2022-09-15 07:45:36', '2022-09-15 07:45:36'),
(26, '2022-09-15', '000026', '1', '250', '250', '0', '2022-09-15 07:47:23', '2022-09-15 07:47:23'),
(27, '2022-09-15', '000027', '1', '250', '250', '0', '2022-09-15 07:48:27', '2022-09-15 07:48:27'),
(28, '2022-09-15', '000028', '1', '250', '250', '0', '2022-09-15 07:49:18', '2022-09-15 07:49:18'),
(29, '2022-09-15', '000029', '1', '250', '250', '0', '2022-09-15 07:51:06', '2022-09-15 07:51:06'),
(30, '2022-09-15', '000030', '1', '250', '250', '0', '2022-09-15 08:00:32', '2022-09-15 08:00:32'),
(31, '2022-09-15', '000031', '1', '75', '75', '0', '2022-09-15 08:06:02', '2022-09-15 08:06:02'),
(32, '2022-09-15', '000032', '1', '120', '120', '0', '2022-09-15 08:06:58', '2022-09-15 08:06:58'),
(33, '2022-09-15', '000033', '1', '120', '120', '0', '2022-09-15 08:07:56', '2022-09-15 08:07:56'),
(34, '2022-09-15', '000034', '1', '2500', '2500', '0', '2022-09-15 08:08:45', '2022-09-15 08:08:45'),
(35, '2022-09-15', '000035', '1', '990', '990', '0', '2022-09-15 08:09:39', '2022-09-15 08:09:39'),
(36, '2022-09-15', '000036', '1', '2500', '2500', '0', '2022-09-15 08:10:20', '2022-09-15 08:10:20'),
(37, '2022-09-15', '000037', '1', '2500', '2500', '0', '2022-09-15 08:13:24', '2022-09-15 08:13:24'),
(38, '2022-09-15', '000038', '1', '2500', '2500', '0', '2022-09-15 08:15:30', '2022-09-15 08:15:30'),
(39, '2022-09-15', '000039', '1', '1200', '1200', '0', '2022-09-15 10:06:24', '2022-09-15 10:06:24'),
(40, '2022-09-15', '000040', '1', '2500', '2500', '0', '2022-09-15 10:13:15', '2022-09-15 10:13:15'),
(41, '2022-09-15', '000041', '1', '2500', '2500', '0', '2022-09-15 10:14:34', '2022-09-15 10:14:34'),
(42, '2022-09-15', '000042', '1', '2500', '2500', '0', '2022-09-15 10:15:16', '2022-09-15 10:15:16'),
(43, '2022-09-15', '000043', '1', '2500', '2500', '0', '2022-09-15 10:16:28', '2022-09-15 10:16:28'),
(44, '2022-09-15', '000044', '1', '2500', '2500', '0', '2022-09-15 10:17:23', '2022-09-15 10:17:23'),
(45, '2022-09-15', '000045', '1', '2500', '2500', '0', '2022-09-15 10:19:11', '2022-09-15 10:19:11'),
(46, '2022-09-15', '000046', '1', '2500', '2500', '0', '2022-09-15 10:21:44', '2022-09-15 10:21:44'),
(47, '2022-09-15', '000047', '1', '2500', '2500', '0', '2022-09-15 10:22:12', '2022-09-15 10:22:12'),
(48, '2022-09-15', '000048', '1', '2500', '2500', '0', '2022-09-15 10:28:02', '2022-09-15 10:28:02'),
(49, '2022-09-15', '000049', '1', '2500', '2500', '0', '2022-09-15 10:33:53', '2022-09-15 10:33:53'),
(50, '2022-09-15', '000050', '1', '2500', '2500', '0', '2022-09-15 10:35:30', '2022-09-15 10:35:30'),
(51, '2022-09-15', '000051', '1', '2500', '2500', '0', '2022-09-15 10:35:55', '2022-09-15 10:35:55'),
(52, '2022-09-15', '000052', '1', '2500', '2500', '0', '2022-09-15 10:36:27', '2022-09-15 10:36:27'),
(53, '2022-09-15', '000053', '1', '2500', '2500', '0', '2022-09-15 10:39:46', '2022-09-15 10:39:46'),
(54, '2022-09-15', '000054', '1', '2500', '2500', '0', '2022-09-15 10:40:12', '2022-09-15 10:40:12'),
(55, '2022-09-15', '000055', '1', '2500', '2500', '0', '2022-09-15 10:40:42', '2022-09-15 10:40:42'),
(56, '2022-09-15', '000056', '1', '2500', '2500', '0', '2022-09-15 10:41:11', '2022-09-15 10:41:11'),
(57, '2022-09-15', '000057', '1', '2500', '2500', '0', '2022-09-15 10:45:18', '2022-09-15 10:45:18'),
(58, '2022-09-15', '000058', '1', '2500', '2500', '0', '2022-09-15 10:46:04', '2022-09-15 10:46:04'),
(59, '2022-09-15', '000059', '1', '2500', '2500', '0', '2022-09-15 10:46:58', '2022-09-15 10:46:58'),
(60, '2022-09-15', '000060', '1', '2500', '2500', '0', '2022-09-15 10:47:39', '2022-09-15 10:47:39'),
(61, '2022-09-15', '000061', '1', '2500', '2500', '0', '2022-09-15 10:48:15', '2022-09-15 10:48:15'),
(62, '2022-09-15', '000062', '1', '2500', '2500', '0', '2022-09-15 10:48:44', '2022-09-15 10:48:44'),
(63, '2022-09-15', '000063', '1', '250', '250', '0', '2022-09-15 10:49:48', '2022-09-15 10:49:48'),
(64, '2022-09-15', '000064', '1', '250', '250', '0', '2022-09-15 10:50:18', '2022-09-15 10:50:18'),
(65, '2022-09-15', '000065', '1', '250', '250', '0', '2022-09-15 10:50:45', '2022-09-15 10:50:45'),
(66, '2022-09-15', '000066', '1', '250', '250', '0', '2022-09-15 10:52:18', '2022-09-15 10:52:18'),
(67, '2022-09-15', '000067', '1', '250', '250', '0', '2022-09-15 10:55:24', '2022-09-15 10:55:24'),
(68, '2022-09-15', '000068', '1', '250', '250', '0', '2022-09-15 10:56:02', '2022-09-15 10:56:02'),
(69, '2022-09-15', '000069', '1', '250', '250', '0', '2022-09-15 10:56:21', '2022-09-15 10:56:21'),
(70, '2022-09-15', '000070', '1', '2500', '2500', '0', '2022-09-15 10:57:43', '2022-09-15 10:57:43'),
(71, '2022-09-15', '000071', '1', '2500', '2500', '0', '2022-09-15 11:38:54', '2022-09-15 11:38:54'),
(72, '2022-09-15', '000072', '1', '2500', '2500', '0', '2022-09-15 11:40:19', '2022-09-15 11:40:19'),
(73, '2022-09-17', '000073', '1', '2500', '2500', '0', '2022-09-17 05:01:34', '2022-09-17 05:01:34'),
(74, '2022-09-17', '000074', '1', '2500', '2500', '0', '2022-09-17 05:01:54', '2022-09-17 05:01:54'),
(75, '2022-09-17', '000075', '1', '2500', '2500', '0', '2022-09-17 05:02:22', '2022-09-17 05:02:22'),
(76, '2022-09-17', '000076', '1', '2500', '2500', '0', '2022-09-17 05:02:38', '2022-09-17 05:02:38'),
(77, '2022-09-17', '000077', '1', '2500', '2500', '0', '2022-09-17 05:03:44', '2022-09-17 05:03:44'),
(78, '2022-09-17', '000078', '1', '2500', '2500', '0', '2022-09-17 05:04:02', '2022-09-17 05:04:02'),
(79, '2022-09-17', '000079', '1', '2500', '2500', '0', '2022-09-17 05:07:39', '2022-09-17 05:07:39'),
(80, '2022-09-17', '000080', '1', '2500', '2500', '0', '2022-09-17 05:08:36', '2022-09-17 05:08:36'),
(81, '2022-09-17', '000081', '1', '2500', '2500', '0', '2022-09-17 05:09:03', '2022-09-17 05:09:03'),
(82, '2022-09-17', '000082', '1', '2500', '2500', '0', '2022-09-17 05:09:24', '2022-09-17 05:09:24'),
(83, '2022-09-17', '000083', '1', '2500', '2500', '0', '2022-09-17 05:09:43', '2022-09-17 05:09:43'),
(84, '2022-09-17', '000084', '1', '2500', '2500', '0', '2022-09-17 05:10:40', '2022-09-17 05:10:40'),
(85, '2022-09-17', '000085', '1', '2500', '2500', '0', '2022-09-17 05:12:10', '2022-09-17 05:12:10'),
(86, '2022-09-17', '000086', '1', '2500', '2500', '0', '2022-09-17 05:12:36', '2022-09-17 05:12:36'),
(87, '2022-09-17', '000087', '10', '2500', '2500', '0', '2022-09-17 05:14:38', '2022-09-17 05:14:38'),
(88, '2022-09-17', '000088', '10', '2500', '2500', '0', '2022-09-17 05:20:23', '2022-09-17 05:20:23'),
(89, '2022-09-17', '000089', '1', '750', '750', '0', '2022-09-17 05:21:24', '2022-09-17 05:21:24'),
(90, '2022-09-17', '000090', '1', '2500', '2500', '0', '2022-09-17 05:22:25', '2022-09-17 05:22:25'),
(91, '2022-09-17', '000091', '1', '2500', '2500', '0', '2022-09-17 05:23:48', '2022-09-17 05:23:48'),
(92, '2022-09-17', '000092', '1', '2500', '2500', '0', '2022-09-17 05:25:16', '2022-09-17 05:25:16'),
(93, '2022-09-17', '000093', '1', '2500', '2500', '0', '2022-09-17 05:26:19', '2022-09-17 05:26:19'),
(94, '2022-09-17', '000094', '1', '2500', '2500', '0', '2022-09-17 05:27:05', '2022-09-17 05:27:05'),
(95, '2022-09-17', '000095', '1', '2500', '2500', '0', '2022-09-17 05:28:21', '2022-09-17 05:28:21'),
(96, '2022-09-17', '000096', '1', '2500', '2500', '0', '2022-09-17 05:29:05', '2022-09-17 05:29:05'),
(97, '2022-09-17', '000097', '2', '2500', '2500', '0', '2022-09-17 05:30:03', '2022-09-17 05:30:03'),
(98, '2022-09-17', '000098', '1', '2500', '2500', '0', '2022-09-17 07:33:36', '2022-09-17 07:33:36');

-- --------------------------------------------------------

--
-- Table structure for table `password_resets`
--

CREATE TABLE `password_resets` (
  `email` varchar(191) COLLATE utf8mb4_unicode_ci NOT NULL,
  `token` varchar(191) COLLATE utf8mb4_unicode_ci NOT NULL,
  `created_at` timestamp NULL DEFAULT NULL
) ENGINE=InnoDB DEFAULT CHARSET=utf8mb4 COLLATE=utf8mb4_unicode_ci;

-- --------------------------------------------------------

--
-- Table structure for table `personal_access_tokens`
--

CREATE TABLE `personal_access_tokens` (
  `id` bigint(20) UNSIGNED NOT NULL,
  `tokenable_type` varchar(191) COLLATE utf8mb4_unicode_ci NOT NULL,
  `tokenable_id` bigint(20) UNSIGNED NOT NULL,
  `name` varchar(191) COLLATE utf8mb4_unicode_ci NOT NULL,
  `token` varchar(64) COLLATE utf8mb4_unicode_ci NOT NULL,
  `abilities` text COLLATE utf8mb4_unicode_ci DEFAULT NULL,
  `last_used_at` timestamp NULL DEFAULT NULL,
  `created_at` timestamp NULL DEFAULT NULL,
  `updated_at` timestamp NULL DEFAULT NULL
) ENGINE=InnoDB DEFAULT CHARSET=utf8mb4 COLLATE=utf8mb4_unicode_ci;

-- --------------------------------------------------------

--
-- Table structure for table `productlimits`
--

CREATE TABLE `productlimits` (
  `id` bigint(20) UNSIGNED NOT NULL,
  `product_id` varchar(191) COLLATE utf8mb4_unicode_ci DEFAULT NULL,
  `limit` varchar(191) COLLATE utf8mb4_unicode_ci DEFAULT NULL,
  `created_at` timestamp NULL DEFAULT NULL,
  `updated_at` timestamp NULL DEFAULT NULL
) ENGINE=InnoDB DEFAULT CHARSET=utf8mb4 COLLATE=utf8mb4_unicode_ci;

--
-- Dumping data for table `productlimits`
--

INSERT INTO `productlimits` (`id`, `product_id`, `limit`, `created_at`, `updated_at`) VALUES
(3, '11', '10', '2022-09-07 03:57:34', '2022-09-07 03:57:34'),
(4, '5', '10', '2022-09-07 03:57:42', '2022-09-07 03:57:42'),
(5, '8', '10', '2022-09-10 02:38:30', '2022-09-10 02:38:30'),
(6, '10', '10', '2022-09-10 03:44:15', '2022-09-10 03:44:15'),
(7, '3', '10', '2022-09-11 03:44:19', '2022-09-11 03:44:19'),
(8, '6', '10', '2022-09-11 03:44:30', '2022-09-11 03:44:30'),
(9, '1', '2', '2022-09-11 03:44:40', '2022-09-11 03:44:40'),
(10, '4', '10', '2022-09-11 03:45:07', '2022-09-11 03:45:07'),
(11, '2', '5', '2022-09-11 23:23:21', '2022-09-11 23:23:21');

-- --------------------------------------------------------

--
-- Table structure for table `stockproductlists`
--

CREATE TABLE `stockproductlists` (
  `id` bigint(20) UNSIGNED NOT NULL,
  `product_name` varchar(191) COLLATE utf8mb4_unicode_ci DEFAULT NULL,
  `unit` varchar(191) COLLATE utf8mb4_unicode_ci DEFAULT NULL,
  `created_at` timestamp NULL DEFAULT NULL,
  `updated_at` timestamp NULL DEFAULT NULL
) ENGINE=InnoDB DEFAULT CHARSET=utf8mb4 COLLATE=utf8mb4_unicode_ci;

--
-- Dumping data for table `stockproductlists`
--

INSERT INTO `stockproductlists` (`id`, `product_name`, `unit`, `created_at`, `updated_at`) VALUES
(1, 'Oil', '18.5', '2022-09-12 02:48:26', '2022-09-14 05:01:50'),
(2, 'Alu', '9', '2022-09-12 02:48:26', '2022-09-12 04:20:02'),
(3, 'Egg', '148', '2022-09-12 02:48:26', '2022-09-14 05:42:26'),
(4, 'Souce', '10.5', '2022-09-12 02:48:26', '2022-09-14 05:01:50'),
(5, 'Potato', '1', '2022-09-14 05:42:26', '2022-09-14 05:42:26'),
(6, 'Mango', '10', '2022-09-14 05:42:26', '2022-09-14 05:42:26');

-- --------------------------------------------------------

--
-- Table structure for table `suppliers`
--

CREATE TABLE `suppliers` (
  `id` bigint(20) UNSIGNED NOT NULL,
  `company_name` varchar(191) COLLATE utf8mb4_unicode_ci NOT NULL,
  `contact_person_name` varchar(191) COLLATE utf8mb4_unicode_ci NOT NULL,
  `contact_number` varchar(191) COLLATE utf8mb4_unicode_ci NOT NULL,
  `created_at` timestamp NULL DEFAULT NULL,
  `updated_at` timestamp NULL DEFAULT NULL
) ENGINE=InnoDB DEFAULT CHARSET=utf8mb4 COLLATE=utf8mb4_unicode_ci;

--
-- Dumping data for table `suppliers`
--

INSERT INTO `suppliers` (`id`, `company_name`, `contact_person_name`, `contact_number`, `created_at`, `updated_at`) VALUES
(1, 'CV Enterprize', 'Md Rana Hamid', '01712124578', '2022-09-05 02:50:12', '2022-09-05 02:50:12'),
(2, 'CV Enterprizes', 'Md Rana Hamids', '01712124578', '2022-09-05 02:50:31', '2022-09-05 02:50:31'),
(3, 'CV Enterprize2', 'Md Rana Hamid1', '01712124574', '2022-09-11 06:22:17', '2022-09-11 06:22:17'),
(4, 'AMARESKUL', 'Md Rana Hamid2', '01712124525', '2022-09-11 06:22:40', '2022-09-11 06:22:40');

-- --------------------------------------------------------

--
-- Table structure for table `users`
--

CREATE TABLE `users` (
  `id` bigint(20) UNSIGNED NOT NULL,
  `name` varchar(191) COLLATE utf8mb4_unicode_ci NOT NULL,
  `role` varchar(191) COLLATE utf8mb4_unicode_ci NOT NULL DEFAULT 'admin',
  `email` varchar(191) COLLATE utf8mb4_unicode_ci NOT NULL,
  `email_verified_at` timestamp NULL DEFAULT NULL,
  `password` varchar(191) COLLATE utf8mb4_unicode_ci NOT NULL,
  `remember_token` varchar(100) COLLATE utf8mb4_unicode_ci DEFAULT NULL,
  `created_at` timestamp NULL DEFAULT NULL,
  `updated_at` timestamp NULL DEFAULT NULL
) ENGINE=InnoDB DEFAULT CHARSET=utf8mb4 COLLATE=utf8mb4_unicode_ci;

--
-- Dumping data for table `users`
--

INSERT INTO `users` (`id`, `name`, `role`, `email`, `email_verified_at`, `password`, `remember_token`, `created_at`, `updated_at`) VALUES
(1, 'Admin', 'admin', 'admin@gmail.com', NULL, '$2y$10$3.pQ5dpETqC68uyDx96STe2ncgME.vUXKvZoDZTGCUujNjoc6iENe', NULL, '2022-09-05 02:49:44', '2022-09-05 02:49:44'),
(2, 'coderfaruk', 'seller', 'seller@gmail.com', NULL, '$2y$10$uPWqNzVMiTYOuqOxFzhcme8rIy8z1yOdT9ResTE08AoN1nzpzboei', NULL, '2022-09-11 06:20:52', '2022-09-11 06:20:52'),
(3, 'Buyers', 'buyer', 'buyer@gmail.com', NULL, '$2y$10$mU4brNYAF2D0cEEla41uOu7svwf81I5llWAzk9EfKZNDBsVvWNxZm', NULL, '2022-09-11 06:21:08', '2022-09-11 06:21:08');

--
-- Indexes for dumped tables
--

--
-- Indexes for table `administrativecosts`
--
ALTER TABLE `administrativecosts`
  ADD PRIMARY KEY (`id`);

--
-- Indexes for table `dailyproductexpenses`
--
ALTER TABLE `dailyproductexpenses`
  ADD PRIMARY KEY (`id`);

--
-- Indexes for table `expensedetails`
--
ALTER TABLE `expensedetails`
  ADD PRIMARY KEY (`id`);

--
-- Indexes for table `expenses`
--
ALTER TABLE `expenses`
  ADD PRIMARY KEY (`id`);

--
-- Indexes for table `failed_jobs`
--
ALTER TABLE `failed_jobs`
  ADD PRIMARY KEY (`id`),
  ADD UNIQUE KEY `failed_jobs_uuid_unique` (`uuid`);

--
-- Indexes for table `menuitems`
--
ALTER TABLE `menuitems`
  ADD PRIMARY KEY (`id`),
  ADD UNIQUE KEY `menuitems_item_name_unique` (`item_name`);

--
-- Indexes for table `migrations`
--
ALTER TABLE `migrations`
  ADD PRIMARY KEY (`id`);

--
-- Indexes for table `orderdetails`
--
ALTER TABLE `orderdetails`
  ADD PRIMARY KEY (`id`);

--
-- Indexes for table `orders`
--
ALTER TABLE `orders`
  ADD PRIMARY KEY (`id`);

--
-- Indexes for table `password_resets`
--
ALTER TABLE `password_resets`
  ADD KEY `password_resets_email_index` (`email`);

--
-- Indexes for table `personal_access_tokens`
--
ALTER TABLE `personal_access_tokens`
  ADD PRIMARY KEY (`id`),
  ADD UNIQUE KEY `personal_access_tokens_token_unique` (`token`),
  ADD KEY `personal_access_tokens_tokenable_type_tokenable_id_index` (`tokenable_type`,`tokenable_id`);

--
-- Indexes for table `productlimits`
--
ALTER TABLE `productlimits`
  ADD PRIMARY KEY (`id`);

--
-- Indexes for table `stockproductlists`
--
ALTER TABLE `stockproductlists`
  ADD PRIMARY KEY (`id`),
  ADD UNIQUE KEY `stockproductlists_product_name_unique` (`product_name`);

--
-- Indexes for table `suppliers`
--
ALTER TABLE `suppliers`
  ADD PRIMARY KEY (`id`),
  ADD UNIQUE KEY `suppliers_company_name_unique` (`company_name`);

--
-- Indexes for table `users`
--
ALTER TABLE `users`
  ADD PRIMARY KEY (`id`),
  ADD UNIQUE KEY `users_email_unique` (`email`);

--
-- AUTO_INCREMENT for dumped tables
--

--
-- AUTO_INCREMENT for table `administrativecosts`
--
ALTER TABLE `administrativecosts`
  MODIFY `id` bigint(20) UNSIGNED NOT NULL AUTO_INCREMENT, AUTO_INCREMENT=3;

--
-- AUTO_INCREMENT for table `dailyproductexpenses`
--
ALTER TABLE `dailyproductexpenses`
  MODIFY `id` bigint(20) UNSIGNED NOT NULL AUTO_INCREMENT, AUTO_INCREMENT=13;

--
-- AUTO_INCREMENT for table `expensedetails`
--
ALTER TABLE `expensedetails`
  MODIFY `id` bigint(20) UNSIGNED NOT NULL AUTO_INCREMENT, AUTO_INCREMENT=13;

--
-- AUTO_INCREMENT for table `expenses`
--
ALTER TABLE `expenses`
  MODIFY `id` bigint(20) UNSIGNED NOT NULL AUTO_INCREMENT, AUTO_INCREMENT=4;

--
-- AUTO_INCREMENT for table `failed_jobs`
--
ALTER TABLE `failed_jobs`
  MODIFY `id` bigint(20) UNSIGNED NOT NULL AUTO_INCREMENT;

--
-- AUTO_INCREMENT for table `menuitems`
--
ALTER TABLE `menuitems`
  MODIFY `id` bigint(20) UNSIGNED NOT NULL AUTO_INCREMENT, AUTO_INCREMENT=27;

--
-- AUTO_INCREMENT for table `migrations`
--
ALTER TABLE `migrations`
  MODIFY `id` int(10) UNSIGNED NOT NULL AUTO_INCREMENT, AUTO_INCREMENT=61;

--
-- AUTO_INCREMENT for table `orderdetails`
--
ALTER TABLE `orderdetails`
  MODIFY `id` bigint(20) UNSIGNED NOT NULL AUTO_INCREMENT, AUTO_INCREMENT=119;

--
-- AUTO_INCREMENT for table `orders`
--
ALTER TABLE `orders`
  MODIFY `id` bigint(20) UNSIGNED NOT NULL AUTO_INCREMENT, AUTO_INCREMENT=99;

--
-- AUTO_INCREMENT for table `personal_access_tokens`
--
ALTER TABLE `personal_access_tokens`
  MODIFY `id` bigint(20) UNSIGNED NOT NULL AUTO_INCREMENT;

--
-- AUTO_INCREMENT for table `productlimits`
--
ALTER TABLE `productlimits`
  MODIFY `id` bigint(20) UNSIGNED NOT NULL AUTO_INCREMENT, AUTO_INCREMENT=12;

--
-- AUTO_INCREMENT for table `stockproductlists`
--
ALTER TABLE `stockproductlists`
  MODIFY `id` bigint(20) UNSIGNED NOT NULL AUTO_INCREMENT, AUTO_INCREMENT=7;

--
-- AUTO_INCREMENT for table `suppliers`
--
ALTER TABLE `suppliers`
  MODIFY `id` bigint(20) UNSIGNED NOT NULL AUTO_INCREMENT, AUTO_INCREMENT=5;

--
-- AUTO_INCREMENT for table `users`
--
ALTER TABLE `users`
  MODIFY `id` bigint(20) UNSIGNED NOT NULL AUTO_INCREMENT, AUTO_INCREMENT=4;
COMMIT;

/*!40101 SET CHARACTER_SET_CLIENT=@OLD_CHARACTER_SET_CLIENT */;
/*!40101 SET CHARACTER_SET_RESULTS=@OLD_CHARACTER_SET_RESULTS */;
/*!40101 SET COLLATION_CONNECTION=@OLD_COLLATION_CONNECTION */;
